-- phpMyAdmin SQL Dump
-- version 4.7.4
-- https://www.phpmyadmin.net/
--
-- Host: 127.0.0.1:3306
-- Generation Time: May 26, 2019 at 09:33 AM
-- Server version: 5.7.19-log
-- PHP Version: 7.1.9

SET SQL_MODE = "NO_AUTO_VALUE_ON_ZERO";
SET AUTOCOMMIT = 0;
START TRANSACTION;
SET time_zone = "+00:00";


/*!40101 SET @OLD_CHARACTER_SET_CLIENT=@@CHARACTER_SET_CLIENT */;
/*!40101 SET @OLD_CHARACTER_SET_RESULTS=@@CHARACTER_SET_RESULTS */;
/*!40101 SET @OLD_COLLATION_CONNECTION=@@COLLATION_CONNECTION */;
/*!40101 SET NAMES utf8mb4 */;

--
-- Database: `eapi`
--

-- --------------------------------------------------------

--
-- Table structure for table `migrations`
--

DROP TABLE IF EXISTS `migrations`;
CREATE TABLE IF NOT EXISTS `migrations` (
  `id` int(10) UNSIGNED NOT NULL AUTO_INCREMENT,
  `migration` varchar(191) COLLATE utf8mb4_unicode_ci NOT NULL,
  `batch` int(11) NOT NULL,
  PRIMARY KEY (`id`)
) ENGINE=MyISAM AUTO_INCREMENT=21 DEFAULT CHARSET=utf8mb4 COLLATE=utf8mb4_unicode_ci;

--
-- Dumping data for table `migrations`
--

INSERT INTO `migrations` (`id`, `migration`, `batch`) VALUES
(17, '2014_10_12_000000_create_users_table', 1),
(18, '2014_10_12_100000_create_password_resets_table', 1),
(19, '2019_05_26_072608_create_products_table', 1),
(20, '2019_05_26_072623_create_reviews_table', 1);

-- --------------------------------------------------------

--
-- Table structure for table `password_resets`
--

DROP TABLE IF EXISTS `password_resets`;
CREATE TABLE IF NOT EXISTS `password_resets` (
  `email` varchar(191) COLLATE utf8mb4_unicode_ci NOT NULL,
  `token` varchar(191) COLLATE utf8mb4_unicode_ci NOT NULL,
  `created_at` timestamp NULL DEFAULT NULL,
  KEY `password_resets_email_index` (`email`)
) ENGINE=MyISAM DEFAULT CHARSET=utf8mb4 COLLATE=utf8mb4_unicode_ci;

-- --------------------------------------------------------

--
-- Table structure for table `products`
--

DROP TABLE IF EXISTS `products`;
CREATE TABLE IF NOT EXISTS `products` (
  `id` bigint(20) UNSIGNED NOT NULL AUTO_INCREMENT,
  `name` varchar(191) COLLATE utf8mb4_unicode_ci NOT NULL,
  `price` double NOT NULL,
  `detail` text COLLATE utf8mb4_unicode_ci NOT NULL,
  `stock` int(11) NOT NULL,
  `discount` double NOT NULL DEFAULT '0',
  `image` varchar(191) COLLATE utf8mb4_unicode_ci DEFAULT NULL,
  `created_at` timestamp NULL DEFAULT NULL,
  `updated_at` timestamp NULL DEFAULT NULL,
  PRIMARY KEY (`id`)
) ENGINE=MyISAM AUTO_INCREMENT=51 DEFAULT CHARSET=utf8mb4 COLLATE=utf8mb4_unicode_ci;

--
-- Dumping data for table `products`
--

INSERT INTO `products` (`id`, `name`, `price`, `detail`, `stock`, `discount`, `image`, `created_at`, `updated_at`) VALUES
(1, 'veniam', 76.42, 'Molestiae expedita aut provident sunt sit quaerat rerum.', 1, 2, 'https://lorempixel.com/640/480/?45503', '2019-05-26 02:30:04', '2019-05-26 02:30:04'),
(2, 'nisi', 48.5, 'Ea cupiditate illo minima qui perspiciatis sequi.', 6, 6, 'https://lorempixel.com/640/480/?84822', '2019-05-26 02:30:04', '2019-05-26 02:30:04'),
(3, 'non', 63.93, 'Libero porro alias odit.', 5, 28, 'https://lorempixel.com/640/480/?74674', '2019-05-26 02:30:04', '2019-05-26 02:30:04'),
(4, 'porro', 39.61, 'Quia corporis voluptatem et ipsa ex magni architecto.', 8, 26, 'https://lorempixel.com/640/480/?33768', '2019-05-26 02:30:04', '2019-05-26 02:30:04'),
(5, 'ut', 3.9, 'Magnam eum quo quo perspiciatis et qui eveniet.', 8, 26, 'https://lorempixel.com/640/480/?99303', '2019-05-26 02:30:04', '2019-05-26 02:30:04'),
(6, 'earum', 59.98, 'Ipsum quo veniam tenetur accusamus.', 3, 27, 'https://lorempixel.com/640/480/?50954', '2019-05-26 02:30:04', '2019-05-26 02:30:04'),
(7, 'maiores', 4.38, 'Facilis quidem nam quae excepturi hic quia laboriosam.', 7, 5, 'https://lorempixel.com/640/480/?77001', '2019-05-26 02:30:04', '2019-05-26 02:30:04'),
(8, 'aut', 93.3, 'Aspernatur earum doloribus sit consequatur et.', 2, 39, 'https://lorempixel.com/640/480/?70848', '2019-05-26 02:30:04', '2019-05-26 02:30:04'),
(9, 'voluptas', 60.55, 'Impedit dolorum est aliquam.', 2, 38, 'https://lorempixel.com/640/480/?14709', '2019-05-26 02:30:04', '2019-05-26 02:30:04'),
(10, 'architecto', 51.33, 'Dolores quia esse accusamus ratione.', 2, 21, 'https://lorempixel.com/640/480/?45145', '2019-05-26 02:30:04', '2019-05-26 02:30:04'),
(11, 'voluptas', 58.33, 'Temporibus praesentium quia rerum rem aut.', 0, 45, 'https://lorempixel.com/640/480/?60443', '2019-05-26 02:30:04', '2019-05-26 02:30:04'),
(12, 'voluptatem', 85.56, 'Quaerat magni animi et soluta qui dolores.', 0, 41, 'https://lorempixel.com/640/480/?77212', '2019-05-26 02:30:04', '2019-05-26 02:30:04'),
(13, 'et', 46.4, 'Dolorum eius minus perferendis consequatur.', 3, 32, 'https://lorempixel.com/640/480/?17061', '2019-05-26 02:30:04', '2019-05-26 02:30:04'),
(14, 'ea', 59.31, 'Velit aut aut modi repudiandae eligendi.', 5, 31, 'https://lorempixel.com/640/480/?29306', '2019-05-26 02:30:04', '2019-05-26 02:30:04'),
(15, 'nostrum', 45.3, 'Est asperiores laboriosam esse dolor qui aut magnam.', 2, 42, 'https://lorempixel.com/640/480/?36667', '2019-05-26 02:30:04', '2019-05-26 02:30:04'),
(16, 'iste', 89.63, 'Mollitia aperiam doloremque in est fugit voluptatem.', 3, 50, 'https://lorempixel.com/640/480/?95224', '2019-05-26 02:30:04', '2019-05-26 02:30:04'),
(17, 'sequi', 90.43, 'Ea ex aut neque velit voluptates nemo id et.', 2, 45, 'https://lorempixel.com/640/480/?13855', '2019-05-26 02:30:04', '2019-05-26 02:30:04'),
(18, 'quia', 72.25, 'Repellendus est facilis reiciendis.', 9, 46, 'https://lorempixel.com/640/480/?25826', '2019-05-26 02:30:04', '2019-05-26 02:30:04'),
(19, 'non', 43.99, 'Voluptatem esse officiis est dolore dolorem.', 4, 31, 'https://lorempixel.com/640/480/?18592', '2019-05-26 02:30:04', '2019-05-26 02:30:04'),
(20, 'non', 20.84, 'Quasi sunt aperiam sunt itaque qui et.', 0, 48, 'https://lorempixel.com/640/480/?89690', '2019-05-26 02:30:04', '2019-05-26 02:30:04'),
(21, 'ut', 67.4, 'Deserunt iste rerum laborum optio reprehenderit asperiores sit libero.', 5, 26, 'https://lorempixel.com/640/480/?33027', '2019-05-26 02:30:04', '2019-05-26 02:30:04'),
(22, 'laborum', 28.84, 'Dolore rerum voluptatem accusantium aut.', 1, 15, 'https://lorempixel.com/640/480/?83004', '2019-05-26 02:30:04', '2019-05-26 02:30:04'),
(23, 'harum', 45.62, 'Nobis perspiciatis eius soluta a fuga.', 6, 13, 'https://lorempixel.com/640/480/?43543', '2019-05-26 02:30:04', '2019-05-26 02:30:04'),
(24, 'nisi', 51.11, 'Et harum sapiente vitae et maxime.', 7, 44, 'https://lorempixel.com/640/480/?22938', '2019-05-26 02:30:04', '2019-05-26 02:30:04'),
(25, 'maxime', 10.02, 'Autem et natus dicta.', 3, 20, 'https://lorempixel.com/640/480/?66330', '2019-05-26 02:30:04', '2019-05-26 02:30:04'),
(26, 'velit', 9.31, 'Sit voluptatem et explicabo placeat.', 6, 4, 'https://lorempixel.com/640/480/?49357', '2019-05-26 02:30:04', '2019-05-26 02:30:04'),
(27, 'est', 37.68, 'Illo dolor consequatur eum ab quaerat dignissimos labore enim.', 7, 28, 'https://lorempixel.com/640/480/?61122', '2019-05-26 02:30:04', '2019-05-26 02:30:04'),
(28, 'repudiandae', 63.18, 'Voluptatibus praesentium dolorum fugit omnis totam corrupti quae.', 6, 22, 'https://lorempixel.com/640/480/?44900', '2019-05-26 02:30:04', '2019-05-26 02:30:04'),
(29, 'consequatur', 67.97, 'Quaerat et non sed quidem iusto est.', 0, 18, 'https://lorempixel.com/640/480/?95942', '2019-05-26 02:30:04', '2019-05-26 02:30:04'),
(30, 'delectus', 29.71, 'Minima distinctio facere quo sit id magnam perspiciatis.', 8, 47, 'https://lorempixel.com/640/480/?32170', '2019-05-26 02:30:04', '2019-05-26 02:30:04'),
(31, 'nihil', 45.94, 'Ipsa numquam ratione suscipit est.', 4, 39, 'https://lorempixel.com/640/480/?56929', '2019-05-26 02:30:04', '2019-05-26 02:30:04'),
(32, 'earum', 28.27, 'Consequatur illum assumenda aliquid dolores ea aperiam deleniti.', 4, 40, 'https://lorempixel.com/640/480/?75907', '2019-05-26 02:30:04', '2019-05-26 02:30:04'),
(33, 'soluta', 95.58, 'Ea et asperiores quam ratione fuga omnis.', 2, 22, 'https://lorempixel.com/640/480/?93446', '2019-05-26 02:30:04', '2019-05-26 02:30:04'),
(34, 'non', 25.53, 'Quos doloribus iusto laboriosam eaque rerum ratione.', 2, 50, 'https://lorempixel.com/640/480/?71568', '2019-05-26 02:30:04', '2019-05-26 02:30:04'),
(35, 'rerum', 31.47, 'Eveniet dolores et voluptatem voluptas a natus sint.', 5, 24, 'https://lorempixel.com/640/480/?12540', '2019-05-26 02:30:04', '2019-05-26 02:30:04'),
(36, 'consequatur', 75.82, 'Placeat culpa perspiciatis consequatur et omnis.', 5, 33, 'https://lorempixel.com/640/480/?48233', '2019-05-26 02:30:04', '2019-05-26 02:30:04'),
(37, 'illo', 49.96, 'Ducimus ea aut aut corrupti.', 4, 18, 'https://lorempixel.com/640/480/?74821', '2019-05-26 02:30:04', '2019-05-26 02:30:04'),
(38, 'nisi', 27.39, 'Repudiandae quo praesentium aspernatur natus minima ea tempora.', 2, 24, 'https://lorempixel.com/640/480/?98230', '2019-05-26 02:30:04', '2019-05-26 02:30:04'),
(39, 'molestiae', 74.21, 'Ipsa cumque ex dolor maxime itaque cumque odit.', 9, 13, 'https://lorempixel.com/640/480/?36878', '2019-05-26 02:30:04', '2019-05-26 02:30:04'),
(40, 'velit', 61.82, 'Nam a voluptatem id ut quis est minus.', 9, 17, 'https://lorempixel.com/640/480/?81834', '2019-05-26 02:30:04', '2019-05-26 02:30:04'),
(41, 'quo', 21.16, 'Ipsam esse rerum similique.', 6, 50, 'https://lorempixel.com/640/480/?11057', '2019-05-26 02:30:04', '2019-05-26 02:30:04'),
(42, 'maiores', 23.15, 'Impedit qui consequuntur veritatis laborum dignissimos eos.', 3, 17, 'https://lorempixel.com/640/480/?98731', '2019-05-26 02:30:04', '2019-05-26 02:30:04'),
(43, 'nisi', 33.55, 'Aut similique minima nam architecto nobis.', 6, 41, 'https://lorempixel.com/640/480/?32129', '2019-05-26 02:30:04', '2019-05-26 02:30:04'),
(44, 'repellat', 49.06, 'Nihil ut iure aut voluptatem ullam harum velit.', 7, 43, 'https://lorempixel.com/640/480/?22988', '2019-05-26 02:30:04', '2019-05-26 02:30:04'),
(45, 'tenetur', 26.87, 'Et qui excepturi fuga harum suscipit voluptates.', 1, 17, 'https://lorempixel.com/640/480/?43451', '2019-05-26 02:30:04', '2019-05-26 02:30:04'),
(46, 'et', 3.38, 'Possimus quo placeat omnis et quas corporis doloremque.', 4, 1, 'https://lorempixel.com/640/480/?46069', '2019-05-26 02:30:04', '2019-05-26 02:30:04'),
(47, 'est', 20.17, 'Quam incidunt soluta aut quidem consequuntur.', 4, 40, 'https://lorempixel.com/640/480/?71643', '2019-05-26 02:30:04', '2019-05-26 02:30:04'),
(48, 'est', 90.8, 'Quibusdam optio perspiciatis praesentium itaque.', 8, 39, 'https://lorempixel.com/640/480/?52321', '2019-05-26 02:30:04', '2019-05-26 02:30:04'),
(49, 'dolores', 78, 'Id aliquid et similique.', 4, 28, 'https://lorempixel.com/640/480/?43331', '2019-05-26 02:30:04', '2019-05-26 02:30:04'),
(50, 'neque', 61.59, 'Asperiores facere quia saepe facilis.', 2, 30, 'https://lorempixel.com/640/480/?81130', '2019-05-26 02:30:04', '2019-05-26 02:30:04');

-- --------------------------------------------------------

--
-- Table structure for table `reviews`
--

DROP TABLE IF EXISTS `reviews`;
CREATE TABLE IF NOT EXISTS `reviews` (
  `id` bigint(20) UNSIGNED NOT NULL AUTO_INCREMENT,
  `product_id` int(10) UNSIGNED NOT NULL,
  `customer_name` varchar(191) COLLATE utf8mb4_unicode_ci NOT NULL,
  `review` text COLLATE utf8mb4_unicode_ci NOT NULL,
  `star` int(11) NOT NULL,
  `created_at` timestamp NULL DEFAULT NULL,
  `updated_at` timestamp NULL DEFAULT NULL,
  PRIMARY KEY (`id`),
  KEY `reviews_product_id_foreign` (`product_id`)
) ENGINE=MyISAM AUTO_INCREMENT=301 DEFAULT CHARSET=utf8mb4 COLLATE=utf8mb4_unicode_ci;

--
-- Dumping data for table `reviews`
--

INSERT INTO `reviews` (`id`, `product_id`, `customer_name`, `review`, `star`, `created_at`, `updated_at`) VALUES
(1, 14, 'Fern Christiansen Jr.', 'Ad voluptas voluptatem at beatae minus reprehenderit voluptate reprehenderit.', 3, '2019-05-26 02:30:04', '2019-05-26 02:30:04'),
(2, 5, 'Sean Harber', 'Iure a voluptatem voluptates veritatis corporis labore.', 5, '2019-05-26 02:30:04', '2019-05-26 02:30:04'),
(3, 9, 'Tod Emard II', 'Est animi natus unde et iusto.', 4, '2019-05-26 02:30:04', '2019-05-26 02:30:04'),
(4, 3, 'Mr. Ryleigh Gorczany Sr.', 'Qui quo accusantium explicabo omnis voluptatem commodi.', 3, '2019-05-26 02:30:04', '2019-05-26 02:30:04'),
(5, 17, 'Una Grady', 'Quam magnam culpa sequi officia quo unde alias esse.', 3, '2019-05-26 02:30:05', '2019-05-26 02:30:05'),
(6, 29, 'Gertrude Abshire', 'Tempora vel voluptatum nostrum ut at.', 2, '2019-05-26 02:30:05', '2019-05-26 02:30:05'),
(7, 39, 'Miss Anabelle Abernathy', 'Iusto aut eveniet est atque aut consequatur optio assumenda.', 4, '2019-05-26 02:30:05', '2019-05-26 02:30:05'),
(8, 50, 'Jamaal Bernhard Sr.', 'Vero ducimus suscipit commodi molestiae iure sapiente qui.', 2, '2019-05-26 02:30:05', '2019-05-26 02:30:05'),
(9, 44, 'Lucio Parisian', 'Incidunt voluptas quaerat nemo assumenda.', 5, '2019-05-26 02:30:05', '2019-05-26 02:30:05'),
(10, 17, 'Prof. Cooper Heaney', 'Ipsam quo facere sed cumque.', 3, '2019-05-26 02:30:05', '2019-05-26 02:30:05'),
(11, 9, 'Perry Sanford IV', 'Tempora totam alias fugit labore eaque numquam.', 4, '2019-05-26 02:30:05', '2019-05-26 02:30:05'),
(12, 26, 'Mckayla Stehr I', 'Eum blanditiis odio mollitia sed aut.', 4, '2019-05-26 02:30:05', '2019-05-26 02:30:05'),
(13, 18, 'Rick Denesik', 'Itaque quam inventore rerum eos omnis quam alias voluptatem.', 5, '2019-05-26 02:30:05', '2019-05-26 02:30:05'),
(14, 3, 'Ava Walker Jr.', 'Voluptas quibusdam distinctio ut amet.', 5, '2019-05-26 02:30:05', '2019-05-26 02:30:05'),
(15, 39, 'Madelyn Ferry', 'Tempora earum ipsum facere incidunt animi.', 4, '2019-05-26 02:30:05', '2019-05-26 02:30:05'),
(16, 34, 'Saige Mueller', 'Necessitatibus necessitatibus aliquam assumenda dolor aut amet facilis.', 2, '2019-05-26 02:30:05', '2019-05-26 02:30:05'),
(17, 31, 'Pearline King', 'Ut recusandae ducimus deserunt ut a voluptates distinctio.', 5, '2019-05-26 02:30:05', '2019-05-26 02:30:05'),
(18, 10, 'Jayde Schimmel', 'Nobis et sed doloribus ipsam deleniti iste.', 0, '2019-05-26 02:30:05', '2019-05-26 02:30:05'),
(19, 30, 'Harold Mills', 'Impedit placeat eos fugiat.', 2, '2019-05-26 02:30:05', '2019-05-26 02:30:05'),
(20, 24, 'Rory Little', 'Asperiores deserunt reiciendis officia dolor laboriosam aut qui.', 1, '2019-05-26 02:30:05', '2019-05-26 02:30:05'),
(21, 39, 'Ms. America Schmitt', 'Velit qui delectus sit et vitae et.', 2, '2019-05-26 02:30:05', '2019-05-26 02:30:05'),
(22, 2, 'Jannie Zboncak', 'Provident dolor animi harum provident officia itaque tempore.', 0, '2019-05-26 02:30:05', '2019-05-26 02:30:05'),
(23, 50, 'Mrs. Kariane Dach II', 'Fugiat ipsam non ex perspiciatis.', 5, '2019-05-26 02:30:05', '2019-05-26 02:30:05'),
(24, 27, 'Ella Bednar', 'Necessitatibus pariatur sit similique sequi pariatur iste perferendis sit.', 3, '2019-05-26 02:30:05', '2019-05-26 02:30:05'),
(25, 8, 'Madonna Blanda', 'Ea laudantium qui ea ut ducimus soluta.', 0, '2019-05-26 02:30:05', '2019-05-26 02:30:05'),
(26, 31, 'Heber Friesen', 'Sed veritatis vero magni perferendis.', 0, '2019-05-26 02:30:05', '2019-05-26 02:30:05'),
(27, 30, 'Jeffry Ledner', 'Animi assumenda blanditiis sint aut sed incidunt.', 2, '2019-05-26 02:30:05', '2019-05-26 02:30:05'),
(28, 4, 'Faustino White', 'Non eum vel nulla odit rerum maiores et.', 2, '2019-05-26 02:30:05', '2019-05-26 02:30:05'),
(29, 43, 'Davon Gulgowski', 'Vel asperiores error praesentium suscipit nostrum sed labore.', 2, '2019-05-26 02:30:05', '2019-05-26 02:30:05'),
(30, 33, 'Ms. Jacklyn Wehner', 'Accusantium itaque perferendis dolores.', 1, '2019-05-26 02:30:05', '2019-05-26 02:30:05'),
(31, 44, 'Mrs. Sandy O\'Kon IV', 'Neque praesentium non dolorum neque omnis.', 4, '2019-05-26 02:30:05', '2019-05-26 02:30:05'),
(32, 26, 'Hailey Smith DDS', 'Laudantium odio qui nihil alias.', 5, '2019-05-26 02:30:05', '2019-05-26 02:30:05'),
(33, 33, 'Sam Bogan', 'Voluptas molestias consequuntur quam et.', 4, '2019-05-26 02:30:05', '2019-05-26 02:30:05'),
(34, 5, 'Junius Heathcote', 'Est ipsa libero beatae consequatur corrupti ullam.', 3, '2019-05-26 02:30:05', '2019-05-26 02:30:05'),
(35, 34, 'Dr. Diego Ratke IV', 'Ab provident et ipsam cupiditate fugit eos est.', 4, '2019-05-26 02:30:05', '2019-05-26 02:30:05'),
(36, 45, 'Mr. Mose Bartell', 'Pariatur a optio quia vero ut dignissimos tenetur.', 1, '2019-05-26 02:30:05', '2019-05-26 02:30:05'),
(37, 37, 'Mr. Carter Mills', 'Laboriosam veniam assumenda exercitationem consectetur nemo accusantium.', 2, '2019-05-26 02:30:05', '2019-05-26 02:30:05'),
(38, 15, 'Dr. Wilma McKenzie Sr.', 'Molestiae eligendi aperiam eos nam.', 3, '2019-05-26 02:30:05', '2019-05-26 02:30:05'),
(39, 7, 'Rosella Lockman DDS', 'Eos consequatur incidunt ex amet porro molestiae.', 0, '2019-05-26 02:30:05', '2019-05-26 02:30:05'),
(40, 37, 'Rosalinda Cummerata', 'Optio adipisci aut provident sit sed tempora in et.', 5, '2019-05-26 02:30:05', '2019-05-26 02:30:05'),
(41, 24, 'Jaylen Zulauf', 'Asperiores accusantium est aspernatur illum.', 0, '2019-05-26 02:30:05', '2019-05-26 02:30:05'),
(42, 41, 'Ardella Hermiston III', 'Commodi enim ut quo.', 4, '2019-05-26 02:30:05', '2019-05-26 02:30:05'),
(43, 30, 'Cole Roob I', 'Qui cumque voluptatem dolores dicta a.', 5, '2019-05-26 02:30:05', '2019-05-26 02:30:05'),
(44, 33, 'Stacey Olson', 'Molestias velit quae qui doloribus rem.', 5, '2019-05-26 02:30:05', '2019-05-26 02:30:05'),
(45, 20, 'Prof. Gunnar Hettinger I', 'Labore quo quaerat molestiae quam ea iure inventore.', 2, '2019-05-26 02:30:05', '2019-05-26 02:30:05'),
(46, 37, 'Prof. Alvah Flatley DVM', 'Voluptatum aut aut non.', 2, '2019-05-26 02:30:05', '2019-05-26 02:30:05'),
(47, 18, 'Jordane Hoppe MD', 'Iusto nisi rerum dolor est aut dignissimos.', 1, '2019-05-26 02:30:05', '2019-05-26 02:30:05'),
(48, 29, 'Dr. Laron Lubowitz', 'At est veniam similique.', 3, '2019-05-26 02:30:05', '2019-05-26 02:30:05'),
(49, 34, 'Zackery Grady', 'Ipsa soluta dignissimos ab minus.', 1, '2019-05-26 02:30:05', '2019-05-26 02:30:05'),
(50, 36, 'Josiane Weber', 'Sit natus et fugit iure dolor sit.', 0, '2019-05-26 02:30:05', '2019-05-26 02:30:05'),
(51, 10, 'Esther Rice', 'Architecto rerum laborum aut et rem sapiente et.', 4, '2019-05-26 02:30:05', '2019-05-26 02:30:05'),
(52, 15, 'Mazie Schulist V', 'Possimus rem perferendis aliquid itaque.', 4, '2019-05-26 02:30:05', '2019-05-26 02:30:05'),
(53, 15, 'Greta Reichel', 'Numquam voluptas repudiandae officiis soluta velit non voluptatibus.', 3, '2019-05-26 02:30:05', '2019-05-26 02:30:05'),
(54, 21, 'Ms. Queen Littel', 'Sed voluptatem odit dolor aut id.', 1, '2019-05-26 02:30:05', '2019-05-26 02:30:05'),
(55, 19, 'Eldora Wilderman', 'Qui autem consequatur omnis nihil molestias.', 2, '2019-05-26 02:30:05', '2019-05-26 02:30:05'),
(56, 48, 'Prof. Kenyon Brown', 'Voluptatum aut quia dolore illo nulla dolor.', 1, '2019-05-26 02:30:05', '2019-05-26 02:30:05'),
(57, 6, 'Mr. Julien Hermiston PhD', 'Exercitationem dolor nulla qui molestiae vitae.', 5, '2019-05-26 02:30:05', '2019-05-26 02:30:05'),
(58, 33, 'Elenora Schamberger', 'Illo quo similique molestiae saepe.', 5, '2019-05-26 02:30:05', '2019-05-26 02:30:05'),
(59, 5, 'Mortimer Goldner', 'Adipisci sapiente dolor at dignissimos repellendus.', 5, '2019-05-26 02:30:05', '2019-05-26 02:30:05'),
(60, 43, 'Mckenna Satterfield', 'Aspernatur dicta doloribus quod voluptate reiciendis quam saepe similique.', 2, '2019-05-26 02:30:05', '2019-05-26 02:30:05'),
(61, 31, 'Pink Stiedemann', 'Possimus doloribus dolorum error eos.', 1, '2019-05-26 02:30:05', '2019-05-26 02:30:05'),
(62, 20, 'Autumn Schulist I', 'Mollitia odit voluptatem eos rerum quia laudantium omnis veritatis.', 5, '2019-05-26 02:30:05', '2019-05-26 02:30:05'),
(63, 46, 'Crystel Leffler', 'Qui impedit et dolores nisi ex vel.', 3, '2019-05-26 02:30:05', '2019-05-26 02:30:05'),
(64, 5, 'Ellie Mayert', 'Consequatur repudiandae eveniet recusandae deleniti dolorem facilis cumque asperiores.', 2, '2019-05-26 02:30:05', '2019-05-26 02:30:05'),
(65, 10, 'Alanis Treutel', 'Quod veniam laudantium omnis ut aut.', 0, '2019-05-26 02:30:05', '2019-05-26 02:30:05'),
(66, 43, 'Mr. Terrance Reinger', 'Accusantium eum sunt odio placeat ratione.', 0, '2019-05-26 02:30:05', '2019-05-26 02:30:05'),
(67, 25, 'Jace Hilpert', 'At ut ipsa perspiciatis amet.', 4, '2019-05-26 02:30:05', '2019-05-26 02:30:05'),
(68, 14, 'Valerie Johnson III', 'Et sequi delectus ad aliquam voluptatem facilis.', 3, '2019-05-26 02:30:05', '2019-05-26 02:30:05'),
(69, 43, 'Aurelie Rippin', 'Nihil earum et optio.', 2, '2019-05-26 02:30:05', '2019-05-26 02:30:05'),
(70, 2, 'Jacquelyn Runte MD', 'Ab minima nesciunt fugit corporis blanditiis.', 1, '2019-05-26 02:30:05', '2019-05-26 02:30:05'),
(71, 29, 'Rosamond Moore', 'Unde et a ipsum quasi sint expedita nostrum.', 4, '2019-05-26 02:30:05', '2019-05-26 02:30:05'),
(72, 5, 'Dr. Dane Daniel DVM', 'Ut esse in voluptas ut dolores.', 3, '2019-05-26 02:30:05', '2019-05-26 02:30:05'),
(73, 35, 'Margot Bruen', 'Est et rem molestiae qui et nesciunt.', 1, '2019-05-26 02:30:05', '2019-05-26 02:30:05'),
(74, 7, 'Ms. Luisa Bartell II', 'Doloremque qui vitae aliquid itaque totam tenetur corporis.', 4, '2019-05-26 02:30:05', '2019-05-26 02:30:05'),
(75, 6, 'Lempi Pouros III', 'Expedita ut quasi ducimus rem molestiae.', 4, '2019-05-26 02:30:05', '2019-05-26 02:30:05'),
(76, 32, 'Mrs. Krystina Pfeffer', 'Ducimus aut in quia excepturi.', 1, '2019-05-26 02:30:05', '2019-05-26 02:30:05'),
(77, 41, 'Darwin Bauch PhD', 'Magni voluptatum vel velit ea nostrum et quo.', 4, '2019-05-26 02:30:05', '2019-05-26 02:30:05'),
(78, 43, 'Frank Grant', 'Numquam ipsum quo aut harum.', 3, '2019-05-26 02:30:05', '2019-05-26 02:30:05'),
(79, 40, 'Wayne Zieme IV', 'Ipsam sed impedit impedit voluptatem odio qui molestiae sequi.', 2, '2019-05-26 02:30:05', '2019-05-26 02:30:05'),
(80, 27, 'Carmelo Kozey', 'Exercitationem reiciendis consectetur ipsa ut.', 3, '2019-05-26 02:30:05', '2019-05-26 02:30:05'),
(81, 11, 'Larissa Schimmel V', 'Eaque id sequi ipsam consequatur eius.', 2, '2019-05-26 02:30:05', '2019-05-26 02:30:05'),
(82, 44, 'Glenna Collins', 'Ex mollitia ipsa est.', 2, '2019-05-26 02:30:05', '2019-05-26 02:30:05'),
(83, 12, 'Madge Grimes', 'Sit vitae sed voluptatem quasi impedit consectetur.', 4, '2019-05-26 02:30:05', '2019-05-26 02:30:05'),
(84, 26, 'Prof. Lennie Runolfsdottir', 'Possimus impedit rem rem quisquam.', 2, '2019-05-26 02:30:05', '2019-05-26 02:30:05'),
(85, 1, 'Stefan Fritsch Sr.', 'Blanditiis accusamus commodi aperiam laudantium recusandae facilis.', 4, '2019-05-26 02:30:05', '2019-05-26 02:30:05'),
(86, 26, 'Miss Santina Will I', 'Dolor eaque in ratione corrupti dicta minus.', 0, '2019-05-26 02:30:05', '2019-05-26 02:30:05'),
(87, 36, 'Mrs. Sally Dach I', 'Voluptatibus ullam repellat ut est exercitationem.', 3, '2019-05-26 02:30:05', '2019-05-26 02:30:05'),
(88, 48, 'Osvaldo Funk', 'Maiores voluptates repellat vel.', 5, '2019-05-26 02:30:05', '2019-05-26 02:30:05'),
(89, 39, 'Dr. Ulices Rath I', 'At perferendis reiciendis animi voluptas dignissimos voluptatem ipsa mollitia.', 3, '2019-05-26 02:30:05', '2019-05-26 02:30:05'),
(90, 39, 'Katharina Douglas', 'Eos provident et culpa.', 3, '2019-05-26 02:30:05', '2019-05-26 02:30:05'),
(91, 13, 'Cristina Stark', 'Quam porro enim suscipit repellendus.', 2, '2019-05-26 02:30:05', '2019-05-26 02:30:05'),
(92, 43, 'Summer Walker', 'Aut neque dolores cumque qui.', 0, '2019-05-26 02:30:05', '2019-05-26 02:30:05'),
(93, 35, 'Aurore Morar', 'Ipsum repudiandae ut libero tenetur corporis quis.', 0, '2019-05-26 02:30:05', '2019-05-26 02:30:05'),
(94, 18, 'Wilbert Zboncak', 'Dicta quidem velit excepturi qui voluptas dicta ipsam.', 3, '2019-05-26 02:30:05', '2019-05-26 02:30:05'),
(95, 45, 'Everardo Rohan', 'Quod nihil rerum quia in voluptas dolorum.', 3, '2019-05-26 02:30:05', '2019-05-26 02:30:05'),
(96, 12, 'Jacinto Zboncak', 'Similique nemo voluptates accusantium ut doloremque.', 3, '2019-05-26 02:30:05', '2019-05-26 02:30:05'),
(97, 18, 'Clement Quigley', 'Consequatur corrupti qui vel nisi quis quisquam.', 2, '2019-05-26 02:30:05', '2019-05-26 02:30:05'),
(98, 42, 'Brock Legros', 'Perferendis sed maxime ut libero vel impedit aut quo.', 0, '2019-05-26 02:30:05', '2019-05-26 02:30:05'),
(99, 32, 'Prof. Abel Herman Sr.', 'Quibusdam et provident aut dolores ipsum quos magni.', 2, '2019-05-26 02:30:05', '2019-05-26 02:30:05'),
(100, 25, 'Miss Catalina Swaniawski', 'Quibusdam vel odit distinctio suscipit.', 3, '2019-05-26 02:30:05', '2019-05-26 02:30:05'),
(101, 8, 'Dr. Sid Mante', 'Tempora voluptatibus rem in expedita aut provident.', 5, '2019-05-26 02:30:05', '2019-05-26 02:30:05'),
(102, 14, 'Miss Aryanna Will', 'Voluptate architecto et voluptatem et.', 1, '2019-05-26 02:30:05', '2019-05-26 02:30:05'),
(103, 19, 'Lou Smitham', 'Quae soluta quaerat voluptatem distinctio.', 4, '2019-05-26 02:30:05', '2019-05-26 02:30:05'),
(104, 6, 'Deshaun Greenholt', 'Sapiente ut architecto voluptatem consequatur nihil.', 4, '2019-05-26 02:30:05', '2019-05-26 02:30:05'),
(105, 27, 'Kirstin Reichert', 'Et rerum est et accusamus.', 3, '2019-05-26 02:30:05', '2019-05-26 02:30:05'),
(106, 9, 'Ms. Kaylee Bartoletti', 'Facilis dolores unde fugit voluptates neque.', 3, '2019-05-26 02:30:05', '2019-05-26 02:30:05'),
(107, 47, 'Hilda Lind', 'Molestiae adipisci quisquam rerum numquam enim.', 4, '2019-05-26 02:30:05', '2019-05-26 02:30:05'),
(108, 38, 'Lyda Grimes', 'Quidem in quia animi nihil ipsum est.', 1, '2019-05-26 02:30:05', '2019-05-26 02:30:05'),
(109, 34, 'Mr. Dante Lang III', 'Minima quisquam dolores temporibus quis quis.', 4, '2019-05-26 02:30:05', '2019-05-26 02:30:05'),
(110, 10, 'Dr. Javon Schinner', 'Aliquam nihil rerum consectetur beatae id at consequatur tempore.', 1, '2019-05-26 02:30:05', '2019-05-26 02:30:05'),
(111, 4, 'Cleveland Cummings', 'Ut expedita est cum.', 3, '2019-05-26 02:30:05', '2019-05-26 02:30:05'),
(112, 42, 'Prof. Jacynthe Greenholt', 'Eos odit omnis illo.', 4, '2019-05-26 02:30:05', '2019-05-26 02:30:05'),
(113, 7, 'Duane Reinger', 'Ducimus velit facere quo veniam.', 2, '2019-05-26 02:30:05', '2019-05-26 02:30:05'),
(114, 29, 'Dr. Macey Kovacek DVM', 'Consequatur qui illo a tempora dolores qui eaque.', 3, '2019-05-26 02:30:05', '2019-05-26 02:30:05'),
(115, 13, 'Mr. Clyde Daniel', 'Ex qui illum sapiente omnis eveniet rerum sed.', 0, '2019-05-26 02:30:05', '2019-05-26 02:30:05'),
(116, 24, 'Mrs. Ellie Wisozk III', 'Nulla ut eos unde voluptatem.', 2, '2019-05-26 02:30:05', '2019-05-26 02:30:05'),
(117, 13, 'Justine McLaughlin', 'Sit est ut occaecati magnam.', 5, '2019-05-26 02:30:05', '2019-05-26 02:30:05'),
(118, 46, 'Miss Georgette Mayer', 'Rerum harum corrupti illum officia vero.', 3, '2019-05-26 02:30:05', '2019-05-26 02:30:05'),
(119, 41, 'Guadalupe Emmerich', 'Molestiae dicta nihil sapiente tempore eos.', 3, '2019-05-26 02:30:05', '2019-05-26 02:30:05'),
(120, 29, 'Dr. Augustus Kub', 'Error quae quod nihil aut.', 5, '2019-05-26 02:30:05', '2019-05-26 02:30:05'),
(121, 25, 'Emma Armstrong', 'Labore distinctio dolorum tempore velit aut.', 0, '2019-05-26 02:30:05', '2019-05-26 02:30:05'),
(122, 34, 'Haylee Konopelski V', 'Tenetur voluptatem quo quas eos ea non quia aut.', 2, '2019-05-26 02:30:05', '2019-05-26 02:30:05'),
(123, 49, 'Freddie Harris', 'Mollitia quae voluptatem voluptatem qui recusandae.', 1, '2019-05-26 02:30:05', '2019-05-26 02:30:05'),
(124, 41, 'Rhett Mosciski', 'Quia qui nihil et rerum illum aliquid.', 5, '2019-05-26 02:30:05', '2019-05-26 02:30:05'),
(125, 19, 'Stephanie Kilback', 'Esse aperiam perferendis voluptatem explicabo.', 4, '2019-05-26 02:30:05', '2019-05-26 02:30:05'),
(126, 6, 'Miss Jany Durgan', 'Ducimus id similique facilis autem aut quisquam.', 3, '2019-05-26 02:30:05', '2019-05-26 02:30:05'),
(127, 2, 'Jamison D\'Amore', 'Ipsam rerum quis pariatur repudiandae.', 0, '2019-05-26 02:30:05', '2019-05-26 02:30:05'),
(128, 31, 'Mr. Ahmed Bergstrom II', 'Facere exercitationem similique tenetur.', 4, '2019-05-26 02:30:05', '2019-05-26 02:30:05'),
(129, 13, 'Tess Ledner', 'Dolor mollitia optio sequi vel quidem.', 4, '2019-05-26 02:30:05', '2019-05-26 02:30:05'),
(130, 37, 'Bella Ernser Jr.', 'Iure amet alias iste blanditiis.', 2, '2019-05-26 02:30:05', '2019-05-26 02:30:05'),
(131, 32, 'Rigoberto Schowalter', 'Sunt adipisci animi dolorem vero ullam inventore.', 1, '2019-05-26 02:30:05', '2019-05-26 02:30:05'),
(132, 48, 'Cathy Roberts IV', 'Nobis amet fugit non.', 1, '2019-05-26 02:30:05', '2019-05-26 02:30:05'),
(133, 19, 'Octavia DuBuque', 'Ad qui sunt deserunt.', 3, '2019-05-26 02:30:05', '2019-05-26 02:30:05'),
(134, 50, 'Michaela Abbott Sr.', 'Earum qui recusandae tempora qui ipsum labore est.', 1, '2019-05-26 02:30:05', '2019-05-26 02:30:05'),
(135, 38, 'Napoleon Torp', 'Alias consequatur necessitatibus optio temporibus sit et error.', 0, '2019-05-26 02:30:05', '2019-05-26 02:30:05'),
(136, 46, 'Jacky Legros', 'Qui assumenda iusto sit rem est ea.', 2, '2019-05-26 02:30:05', '2019-05-26 02:30:05'),
(137, 8, 'Mrs. Cassie Hermann', 'Consectetur occaecati dolore asperiores voluptatibus architecto asperiores est veritatis.', 3, '2019-05-26 02:30:05', '2019-05-26 02:30:05'),
(138, 26, 'Maudie Lynch', 'Quam maiores nostrum in sit quia.', 5, '2019-05-26 02:30:05', '2019-05-26 02:30:05'),
(139, 23, 'Prof. Junius Medhurst IV', 'Recusandae illum quia nihil.', 5, '2019-05-26 02:30:05', '2019-05-26 02:30:05'),
(140, 5, 'Kari Bednar', 'Omnis quo mollitia reiciendis dolorem quae.', 3, '2019-05-26 02:30:05', '2019-05-26 02:30:05'),
(141, 1, 'Christian Hirthe MD', 'Veniam laboriosam quaerat voluptas assumenda.', 5, '2019-05-26 02:30:05', '2019-05-26 02:30:05'),
(142, 23, 'Finn Schuster', 'Sed deleniti pariatur id quis quia amet.', 2, '2019-05-26 02:30:05', '2019-05-26 02:30:05'),
(143, 50, 'Porter Pfannerstill Jr.', 'Omnis repudiandae corrupti provident alias vel tempore rem.', 5, '2019-05-26 02:30:05', '2019-05-26 02:30:05'),
(144, 25, 'Catharine Block', 'Aliquid rem fugit quas sequi.', 0, '2019-05-26 02:30:05', '2019-05-26 02:30:05'),
(145, 47, 'Dr. Brook Spencer', 'Sunt eius amet molestias aut deserunt.', 1, '2019-05-26 02:30:05', '2019-05-26 02:30:05'),
(146, 39, 'Samson Corwin', 'Nesciunt sapiente suscipit maiores labore sed ducimus.', 2, '2019-05-26 02:30:05', '2019-05-26 02:30:05'),
(147, 26, 'Dr. Gage Green Sr.', 'Consectetur dignissimos inventore corporis eveniet.', 1, '2019-05-26 02:30:05', '2019-05-26 02:30:05'),
(148, 19, 'Adalberto Fahey MD', 'Laudantium enim pariatur fugit sunt ut.', 3, '2019-05-26 02:30:05', '2019-05-26 02:30:05'),
(149, 40, 'Dean Crist Jr.', 'Velit aut delectus recusandae non quasi.', 3, '2019-05-26 02:30:05', '2019-05-26 02:30:05'),
(150, 7, 'Salvador Rogahn', 'Reprehenderit ab et pariatur quis magni culpa deleniti.', 4, '2019-05-26 02:30:05', '2019-05-26 02:30:05'),
(151, 50, 'Heloise Ankunding', 'Cum necessitatibus repudiandae nemo voluptatem.', 5, '2019-05-26 02:30:05', '2019-05-26 02:30:05'),
(152, 23, 'Cheyanne Vandervort PhD', 'Atque fugit provident ipsam autem voluptatibus.', 5, '2019-05-26 02:30:05', '2019-05-26 02:30:05'),
(153, 7, 'Ashly Heathcote', 'Sed ut assumenda repellendus adipisci optio.', 5, '2019-05-26 02:30:05', '2019-05-26 02:30:05'),
(154, 46, 'Dr. Adaline Bechtelar', 'Autem quia commodi sunt quam omnis.', 1, '2019-05-26 02:30:05', '2019-05-26 02:30:05'),
(155, 41, 'George Wiegand', 'Repellendus magnam quasi minus ea tempore eum.', 1, '2019-05-26 02:30:05', '2019-05-26 02:30:05'),
(156, 12, 'Maud Pfeffer Jr.', 'Et a sit ut repudiandae illum.', 1, '2019-05-26 02:30:05', '2019-05-26 02:30:05'),
(157, 25, 'Therese Medhurst', 'Rerum est omnis qui corrupti labore doloribus voluptatem non.', 4, '2019-05-26 02:30:05', '2019-05-26 02:30:05'),
(158, 39, 'Judge Franecki', 'Aut dolorem voluptatem molestiae aut.', 3, '2019-05-26 02:30:05', '2019-05-26 02:30:05'),
(159, 35, 'Dr. Margot Wintheiser', 'At qui nam cum fugiat.', 5, '2019-05-26 02:30:05', '2019-05-26 02:30:05'),
(160, 21, 'Braulio Russel DVM', 'Perspiciatis unde mollitia ut delectus dolores minima error.', 3, '2019-05-26 02:30:05', '2019-05-26 02:30:05'),
(161, 9, 'Paula Rippin', 'Explicabo exercitationem et laudantium animi nisi exercitationem.', 4, '2019-05-26 02:30:05', '2019-05-26 02:30:05'),
(162, 41, 'Cassie Sauer', 'Saepe minus provident est inventore voluptatem autem quia.', 0, '2019-05-26 02:30:05', '2019-05-26 02:30:05'),
(163, 4, 'Lupe Swaniawski', 'Culpa magni aspernatur deserunt.', 3, '2019-05-26 02:30:05', '2019-05-26 02:30:05'),
(164, 30, 'Columbus Hoeger', 'Ducimus eligendi laborum est est modi assumenda.', 4, '2019-05-26 02:30:05', '2019-05-26 02:30:05'),
(165, 36, 'Wanda Frami', 'Error consequatur qui voluptate qui et dicta voluptatem.', 4, '2019-05-26 02:30:05', '2019-05-26 02:30:05'),
(166, 7, 'Unique Dach', 'Tenetur ea molestias illo rerum.', 2, '2019-05-26 02:30:05', '2019-05-26 02:30:05'),
(167, 31, 'Jennings Mitchell', 'Beatae modi consequatur id ut.', 2, '2019-05-26 02:30:05', '2019-05-26 02:30:05'),
(168, 43, 'Sibyl McClure', 'Debitis est est tempore necessitatibus saepe sint.', 3, '2019-05-26 02:30:05', '2019-05-26 02:30:05'),
(169, 15, 'Mathew Wisoky', 'Rerum recusandae non repellat harum voluptatem error non.', 4, '2019-05-26 02:30:05', '2019-05-26 02:30:05'),
(170, 48, 'Selena Emard', 'Quisquam fugit veritatis id omnis eligendi.', 4, '2019-05-26 02:30:05', '2019-05-26 02:30:05'),
(171, 42, 'Kevin Funk DDS', 'Odit qui adipisci architecto maxime nesciunt qui a.', 2, '2019-05-26 02:30:05', '2019-05-26 02:30:05'),
(172, 1, 'Syble Hickle', 'Omnis libero sit reprehenderit earum architecto magnam iure.', 3, '2019-05-26 02:30:05', '2019-05-26 02:30:05'),
(173, 2, 'Alisha Schmitt', 'Quo rerum veniam dolor ut consequatur quia minima.', 4, '2019-05-26 02:30:05', '2019-05-26 02:30:05'),
(174, 21, 'Mr. Donnell Casper PhD', 'Eius ut adipisci ea aut earum sapiente provident doloremque.', 4, '2019-05-26 02:30:05', '2019-05-26 02:30:05'),
(175, 48, 'Luisa Wolf', 'Adipisci facilis dolor natus sit minima mollitia.', 0, '2019-05-26 02:30:05', '2019-05-26 02:30:05'),
(176, 47, 'Raymond Reynolds', 'Voluptatem est maxime quasi asperiores mollitia dignissimos facere.', 3, '2019-05-26 02:30:05', '2019-05-26 02:30:05'),
(177, 48, 'Zoey Walsh', 'Debitis ipsam esse sed quibusdam ea occaecati nostrum ex.', 2, '2019-05-26 02:30:05', '2019-05-26 02:30:05'),
(178, 4, 'Miss Emmy Rodriguez IV', 'Maiores exercitationem praesentium a laboriosam.', 1, '2019-05-26 02:30:05', '2019-05-26 02:30:05'),
(179, 33, 'Casey Leannon', 'Minima quibusdam voluptatem ipsum dolorem nostrum aut est.', 0, '2019-05-26 02:30:05', '2019-05-26 02:30:05'),
(180, 10, 'Jared Walker', 'Voluptatum quod tenetur consequuntur dignissimos.', 0, '2019-05-26 02:30:05', '2019-05-26 02:30:05'),
(181, 35, 'Mr. Darian Bernhard', 'Laborum accusamus quia sapiente ea ullam porro culpa.', 3, '2019-05-26 02:30:05', '2019-05-26 02:30:05'),
(182, 44, 'Ms. Sister Turcotte', 'Perspiciatis alias voluptatem quo blanditiis assumenda quod occaecati.', 0, '2019-05-26 02:30:05', '2019-05-26 02:30:05'),
(183, 35, 'Jaqueline Shanahan', 'Quo incidunt eum quia et vel quasi et.', 4, '2019-05-26 02:30:05', '2019-05-26 02:30:05'),
(184, 28, 'Mrs. Amelia Watsica II', 'Cupiditate nostrum temporibus ipsam aut sed est est.', 1, '2019-05-26 02:30:05', '2019-05-26 02:30:05'),
(185, 31, 'Mr. Price Bauch', 'Vero voluptatem placeat excepturi eaque possimus.', 2, '2019-05-26 02:30:05', '2019-05-26 02:30:05'),
(186, 43, 'Talia Gibson', 'Laudantium in nesciunt quas unde.', 3, '2019-05-26 02:30:05', '2019-05-26 02:30:05'),
(187, 9, 'Dr. Danika Monahan', 'Esse aut voluptatem consequatur nihil qui maxime dolor.', 2, '2019-05-26 02:30:05', '2019-05-26 02:30:05'),
(188, 13, 'Gonzalo Grady', 'Mollitia est id eaque et et.', 1, '2019-05-26 02:30:05', '2019-05-26 02:30:05'),
(189, 22, 'Coy Kuvalis Sr.', 'Et voluptas libero est ea in.', 1, '2019-05-26 02:30:05', '2019-05-26 02:30:05'),
(190, 16, 'Ilene Schoen', 'Consequatur id omnis saepe qui qui aut aut.', 2, '2019-05-26 02:30:05', '2019-05-26 02:30:05'),
(191, 17, 'Olga Effertz', 'Temporibus et rerum temporibus ut.', 2, '2019-05-26 02:30:05', '2019-05-26 02:30:05'),
(192, 37, 'Camille Nikolaus PhD', 'Laborum deleniti assumenda dolor quis nulla voluptate.', 4, '2019-05-26 02:30:05', '2019-05-26 02:30:05'),
(193, 13, 'Ms. Myrtice Cummings V', 'Eaque nesciunt aut nesciunt perferendis repellat.', 0, '2019-05-26 02:30:05', '2019-05-26 02:30:05'),
(194, 17, 'Larissa Hammes', 'Ratione ad facere ratione et nostrum.', 3, '2019-05-26 02:30:05', '2019-05-26 02:30:05'),
(195, 36, 'Alessandra Bogisich', 'Et tempora et rerum.', 4, '2019-05-26 02:30:05', '2019-05-26 02:30:05'),
(196, 45, 'Hosea Harber', 'Nobis quia deserunt quasi error repudiandae illo ducimus.', 0, '2019-05-26 02:30:05', '2019-05-26 02:30:05'),
(197, 6, 'Myles Daniel', 'Quos fuga sint unde quis qui.', 3, '2019-05-26 02:30:05', '2019-05-26 02:30:05'),
(198, 43, 'Chester Murray', 'Corporis temporibus tenetur vel ex provident impedit sit.', 5, '2019-05-26 02:30:05', '2019-05-26 02:30:05'),
(199, 36, 'Mr. Hoyt Veum', 'Sit ducimus qui vel ducimus.', 1, '2019-05-26 02:30:05', '2019-05-26 02:30:05'),
(200, 16, 'Bret Hickle', 'Et est saepe nesciunt.', 5, '2019-05-26 02:30:05', '2019-05-26 02:30:05'),
(201, 10, 'Carrie Wehner', 'Maxime possimus sequi eligendi autem consectetur quis.', 0, '2019-05-26 02:30:05', '2019-05-26 02:30:05'),
(202, 25, 'Miss Margarette Franecki MD', 'Eveniet quasi numquam placeat molestiae illum.', 2, '2019-05-26 02:30:05', '2019-05-26 02:30:05'),
(203, 3, 'Mr. Raul Bartoletti II', 'Soluta fugit distinctio placeat quis.', 3, '2019-05-26 02:30:05', '2019-05-26 02:30:05'),
(204, 29, 'Anderson Bode', 'Qui accusantium distinctio deserunt ut nemo velit nihil.', 1, '2019-05-26 02:30:05', '2019-05-26 02:30:05'),
(205, 45, 'Mia Schinner', 'Saepe cum quaerat qui nostrum dolorum quam fuga.', 1, '2019-05-26 02:30:05', '2019-05-26 02:30:05'),
(206, 17, 'Micheal Yost I', 'Autem ipsam quam alias accusamus itaque.', 5, '2019-05-26 02:30:05', '2019-05-26 02:30:05'),
(207, 27, 'Brycen Ankunding', 'Voluptatibus officia voluptates dolores amet et.', 1, '2019-05-26 02:30:05', '2019-05-26 02:30:05'),
(208, 31, 'Nick Rippin', 'Dolor qui hic non illo.', 4, '2019-05-26 02:30:05', '2019-05-26 02:30:05'),
(209, 33, 'Prof. Jerome Weimann I', 'Recusandae magni et suscipit dolorum.', 0, '2019-05-26 02:30:05', '2019-05-26 02:30:05'),
(210, 11, 'Mr. Stefan Torp V', 'Veritatis et maiores dicta odit esse et.', 0, '2019-05-26 02:30:05', '2019-05-26 02:30:05'),
(211, 40, 'Dr. Amely Davis', 'Quas consectetur numquam reiciendis quisquam.', 5, '2019-05-26 02:30:05', '2019-05-26 02:30:05'),
(212, 25, 'Luisa Bradtke', 'Dolorum doloribus harum ipsum dolor doloremque quia quo nobis.', 2, '2019-05-26 02:30:05', '2019-05-26 02:30:05'),
(213, 13, 'Jessika Armstrong', 'Praesentium dolor ratione expedita voluptatem nihil a commodi.', 1, '2019-05-26 02:30:05', '2019-05-26 02:30:05'),
(214, 2, 'Fernando Weimann', 'Voluptatem aliquid sequi velit.', 0, '2019-05-26 02:30:05', '2019-05-26 02:30:05'),
(215, 44, 'Ms. Alyce Grimes I', 'Est facere soluta molestiae ipsam.', 0, '2019-05-26 02:30:05', '2019-05-26 02:30:05'),
(216, 41, 'Jessie Hoppe', 'Doloribus accusamus hic iste.', 2, '2019-05-26 02:30:05', '2019-05-26 02:30:05'),
(217, 33, 'Yazmin Stracke', 'Ut et dignissimos adipisci quisquam quod.', 5, '2019-05-26 02:30:05', '2019-05-26 02:30:05'),
(218, 46, 'Lawson Daniel', 'Enim consequatur dolor harum quasi quibusdam.', 1, '2019-05-26 02:30:05', '2019-05-26 02:30:05'),
(219, 3, 'Dayne Heathcote', 'Consectetur voluptatem blanditiis veniam voluptas iusto eligendi rerum quidem.', 2, '2019-05-26 02:30:05', '2019-05-26 02:30:05'),
(220, 26, 'Prof. Janie Spencer PhD', 'Distinctio quidem voluptatibus quae a quo tenetur.', 5, '2019-05-26 02:30:05', '2019-05-26 02:30:05'),
(221, 2, 'Brenda Ziemann IV', 'Corrupti enim mollitia sit voluptatem aut sed.', 4, '2019-05-26 02:30:05', '2019-05-26 02:30:05'),
(222, 20, 'Jace Walker II', 'Ullam similique dolorum quibusdam illo molestiae quia laborum.', 5, '2019-05-26 02:30:05', '2019-05-26 02:30:05'),
(223, 33, 'Ms. Courtney O\'Hara Sr.', 'Quo iure laudantium sed est maxime.', 2, '2019-05-26 02:30:05', '2019-05-26 02:30:05'),
(224, 20, 'Stephan Nienow MD', 'Magni repudiandae aut aut et velit nesciunt non.', 5, '2019-05-26 02:30:05', '2019-05-26 02:30:05'),
(225, 5, 'Mr. Toby Cole MD', 'Adipisci rerum omnis cumque et.', 0, '2019-05-26 02:30:05', '2019-05-26 02:30:05'),
(226, 23, 'Lourdes Russel', 'Veniam et eum molestiae nostrum sunt est animi.', 0, '2019-05-26 02:30:05', '2019-05-26 02:30:05'),
(227, 26, 'Jonatan Collins IV', 'A blanditiis mollitia ratione ad labore ad autem.', 1, '2019-05-26 02:30:05', '2019-05-26 02:30:05'),
(228, 45, 'Kamron Ebert', 'Sit natus est perspiciatis dolore aliquam laboriosam repellendus rerum.', 4, '2019-05-26 02:30:05', '2019-05-26 02:30:05'),
(229, 46, 'Austen Sauer Jr.', 'Aut delectus rerum officia temporibus.', 2, '2019-05-26 02:30:05', '2019-05-26 02:30:05'),
(230, 20, 'Flavie Sporer', 'In consequatur libero non ipsum.', 5, '2019-05-26 02:30:05', '2019-05-26 02:30:05'),
(231, 7, 'Tavares Kerluke Sr.', 'Consequatur asperiores quia sint est ipsam minus.', 3, '2019-05-26 02:30:05', '2019-05-26 02:30:05'),
(232, 48, 'Juana Thiel', 'Incidunt perferendis maxime quia.', 5, '2019-05-26 02:30:05', '2019-05-26 02:30:05'),
(233, 37, 'Dr. Kristopher Abbott MD', 'Suscipit et qui dicta vitae tempora veniam.', 4, '2019-05-26 02:30:05', '2019-05-26 02:30:05'),
(234, 38, 'Jaydon Nolan', 'Et recusandae dolorum dolores et accusantium totam rerum.', 2, '2019-05-26 02:30:05', '2019-05-26 02:30:05'),
(235, 45, 'Christine Donnelly', 'Corporis molestiae sit excepturi assumenda rerum.', 1, '2019-05-26 02:30:05', '2019-05-26 02:30:05'),
(236, 24, 'Terrell Thompson I', 'Ea hic aliquid dolorum voluptas.', 0, '2019-05-26 02:30:05', '2019-05-26 02:30:05'),
(237, 36, 'Garfield Runte', 'Facere tenetur quia sapiente atque nulla.', 5, '2019-05-26 02:30:05', '2019-05-26 02:30:05'),
(238, 40, 'Mary Gottlieb', 'Nobis eos accusantium et.', 5, '2019-05-26 02:30:05', '2019-05-26 02:30:05'),
(239, 16, 'Caleigh Frami', 'Non pariatur hic quasi quas sint sint aut velit.', 4, '2019-05-26 02:30:05', '2019-05-26 02:30:05'),
(240, 48, 'Jody Lowe II', 'Tempora qui doloremque ut ea impedit.', 0, '2019-05-26 02:30:05', '2019-05-26 02:30:05'),
(241, 17, 'Joanie Rippin', 'Et corporis aut qui ab quia.', 2, '2019-05-26 02:30:05', '2019-05-26 02:30:05'),
(242, 50, 'Arnulfo Fritsch', 'Tempora aperiam porro et ut voluptatem maxime.', 5, '2019-05-26 02:30:05', '2019-05-26 02:30:05'),
(243, 7, 'Steve Nikolaus', 'Quaerat occaecati molestias non voluptas harum accusantium.', 5, '2019-05-26 02:30:05', '2019-05-26 02:30:05'),
(244, 43, 'Jordyn Durgan', 'Omnis a omnis impedit.', 5, '2019-05-26 02:30:05', '2019-05-26 02:30:05'),
(245, 35, 'Prof. Felipa Eichmann', 'Voluptas sed inventore minus aut.', 2, '2019-05-26 02:30:05', '2019-05-26 02:30:05'),
(246, 23, 'Arielle Koss', 'Cumque maiores assumenda quaerat repellendus facere ab.', 4, '2019-05-26 02:30:05', '2019-05-26 02:30:05'),
(247, 7, 'Filiberto Beer MD', 'Quasi omnis ut cupiditate et.', 1, '2019-05-26 02:30:05', '2019-05-26 02:30:05'),
(248, 36, 'Mercedes Stamm', 'Illo est sint praesentium itaque et.', 4, '2019-05-26 02:30:05', '2019-05-26 02:30:05'),
(249, 30, 'Ms. Samantha Hessel', 'Neque nostrum dolor et alias est.', 1, '2019-05-26 02:30:05', '2019-05-26 02:30:05'),
(250, 15, 'Billy Treutel', 'Velit in unde nihil delectus.', 2, '2019-05-26 02:30:05', '2019-05-26 02:30:05'),
(251, 19, 'Arnoldo Osinski', 'Magni aut quo magni sapiente rerum cumque itaque.', 5, '2019-05-26 02:30:05', '2019-05-26 02:30:05'),
(252, 32, 'Maiya Ortiz I', 'Quia modi nostrum ea sint sed qui non vero.', 0, '2019-05-26 02:30:05', '2019-05-26 02:30:05'),
(253, 2, 'Reynold Kuhic', 'Nostrum quo minima enim distinctio.', 5, '2019-05-26 02:30:05', '2019-05-26 02:30:05'),
(254, 28, 'Jessie Lubowitz', 'Fugiat consectetur omnis voluptatem molestiae sit.', 3, '2019-05-26 02:30:05', '2019-05-26 02:30:05'),
(255, 48, 'Melany Howe IV', 'Minima id ipsum culpa nam sunt quam et nihil.', 3, '2019-05-26 02:30:05', '2019-05-26 02:30:05'),
(256, 47, 'Evie Lang', 'Est maiores rerum maiores delectus.', 4, '2019-05-26 02:30:05', '2019-05-26 02:30:05'),
(257, 13, 'Jazmyne Schamberger', 'Sint sequi adipisci animi unde.', 5, '2019-05-26 02:30:05', '2019-05-26 02:30:05'),
(258, 15, 'Everett Senger', 'Laborum eveniet iusto fuga commodi eaque qui et velit.', 4, '2019-05-26 02:30:05', '2019-05-26 02:30:05'),
(259, 33, 'Mr. Neil Witting Sr.', 'Iure hic est qui architecto amet.', 4, '2019-05-26 02:30:05', '2019-05-26 02:30:05'),
(260, 4, 'Salvatore McCullough', 'Nam veniam sit molestiae velit voluptas.', 2, '2019-05-26 02:30:05', '2019-05-26 02:30:05'),
(261, 32, 'Candida Cummings', 'Quia nihil asperiores deserunt in nihil voluptates vel nobis.', 4, '2019-05-26 02:30:05', '2019-05-26 02:30:05'),
(262, 1, 'Coleman Huels', 'Quis atque et voluptates et reiciendis est voluptatibus.', 3, '2019-05-26 02:30:05', '2019-05-26 02:30:05'),
(263, 44, 'Vivian Heidenreich', 'Nobis qui magnam quia nihil atque repellendus est.', 4, '2019-05-26 02:30:05', '2019-05-26 02:30:05'),
(264, 1, 'August Hettinger', 'Reprehenderit ut iste sint consequuntur.', 4, '2019-05-26 02:30:05', '2019-05-26 02:30:05'),
(265, 3, 'Prof. Berry Gibson I', 'Aut accusantium optio qui est ea officiis aliquid.', 5, '2019-05-26 02:30:05', '2019-05-26 02:30:05'),
(266, 39, 'Ms. Delores Smitham', 'Sequi eos quisquam officia aspernatur voluptates ex odit.', 4, '2019-05-26 02:30:05', '2019-05-26 02:30:05'),
(267, 47, 'Kristin Ortiz', 'Magni necessitatibus ea quas et.', 2, '2019-05-26 02:30:05', '2019-05-26 02:30:05'),
(268, 1, 'Prof. Deshawn O\'Hara DVM', 'Beatae iste adipisci quia omnis.', 0, '2019-05-26 02:30:05', '2019-05-26 02:30:05'),
(269, 49, 'Cale Reynolds', 'Ex eum asperiores eum quia ducimus fuga.', 1, '2019-05-26 02:30:05', '2019-05-26 02:30:05'),
(270, 30, 'Prof. Green Turner IV', 'Suscipit dicta aut et repudiandae reprehenderit rerum deserunt.', 2, '2019-05-26 02:30:05', '2019-05-26 02:30:05'),
(271, 11, 'Beverly Lebsack', 'Id repellat similique dolor aut et animi id sed.', 2, '2019-05-26 02:30:05', '2019-05-26 02:30:05'),
(272, 21, 'Eldridge Schumm', 'Impedit repudiandae quae animi deleniti.', 3, '2019-05-26 02:30:05', '2019-05-26 02:30:05'),
(273, 31, 'Herminia Langosh', 'Sed ipsum eligendi culpa sed.', 4, '2019-05-26 02:30:05', '2019-05-26 02:30:05'),
(274, 3, 'Mr. Jan Conn DDS', 'Adipisci nemo quo est.', 1, '2019-05-26 02:30:05', '2019-05-26 02:30:05'),
(275, 40, 'Maxine Hodkiewicz', 'Ut perspiciatis quia molestiae vel.', 1, '2019-05-26 02:30:05', '2019-05-26 02:30:05'),
(276, 5, 'Aniya Boehm', 'Id saepe error beatae cupiditate.', 0, '2019-05-26 02:30:05', '2019-05-26 02:30:05'),
(277, 8, 'Mr. Elwin Zemlak PhD', 'Dolorem placeat corrupti voluptas omnis excepturi aut id.', 1, '2019-05-26 02:30:05', '2019-05-26 02:30:05'),
(278, 22, 'Boyd Haley', 'Ut illo quia iusto dolorum ipsa non laborum.', 3, '2019-05-26 02:30:05', '2019-05-26 02:30:05'),
(279, 16, 'Celia Konopelski', 'Blanditiis vero dolorem autem ut doloribus illum.', 5, '2019-05-26 02:30:05', '2019-05-26 02:30:05'),
(280, 46, 'Antonia Padberg', 'Et consequuntur vero voluptate blanditiis.', 2, '2019-05-26 02:30:05', '2019-05-26 02:30:05'),
(281, 17, 'Karina Kessler', 'Molestiae quasi asperiores et sunt.', 3, '2019-05-26 02:30:05', '2019-05-26 02:30:05'),
(282, 40, 'Mr. Ethel Zieme', 'Eligendi ut recusandae architecto velit dolores.', 3, '2019-05-26 02:30:05', '2019-05-26 02:30:05'),
(283, 34, 'Mr. Ralph Flatley', 'Quam quos sunt omnis earum ex fuga natus.', 1, '2019-05-26 02:30:05', '2019-05-26 02:30:05'),
(284, 32, 'Jamarcus Medhurst DVM', 'Repudiandae tenetur officiis sequi vitae earum.', 2, '2019-05-26 02:30:05', '2019-05-26 02:30:05'),
(285, 36, 'Prof. Carlee Mills', 'Voluptates eligendi exercitationem vel harum et voluptas.', 0, '2019-05-26 02:30:05', '2019-05-26 02:30:05'),
(286, 45, 'Ebony Feeney', 'Nihil minus et velit quaerat.', 5, '2019-05-26 02:30:05', '2019-05-26 02:30:05'),
(287, 34, 'Elena Bartell II', 'Blanditiis optio et natus.', 4, '2019-05-26 02:30:05', '2019-05-26 02:30:05'),
(288, 29, 'Mrs. Marjorie Strosin', 'Vero ex esse numquam animi dolores consequatur perferendis.', 0, '2019-05-26 02:30:05', '2019-05-26 02:30:05'),
(289, 46, 'Dr. Griffin Rodriguez', 'Facilis temporibus quae aspernatur modi ut unde.', 1, '2019-05-26 02:30:05', '2019-05-26 02:30:05'),
(290, 15, 'Leo Barrows', 'Ut est dolore et debitis aut similique cumque.', 5, '2019-05-26 02:30:05', '2019-05-26 02:30:05'),
(291, 12, 'Julia Schmeler', 'Unde omnis dolorem provident qui laboriosam.', 1, '2019-05-26 02:30:05', '2019-05-26 02:30:05'),
(292, 25, 'Prof. Dasia Nicolas', 'Eos aut inventore qui et consectetur enim.', 5, '2019-05-26 02:30:05', '2019-05-26 02:30:05'),
(293, 50, 'Mr. Jed Lesch', 'Accusamus quidem ducimus ea molestias a.', 1, '2019-05-26 02:30:05', '2019-05-26 02:30:05'),
(294, 41, 'Mr. Triston Kozey MD', 'Omnis aliquid necessitatibus quia non quo corporis eum.', 3, '2019-05-26 02:30:05', '2019-05-26 02:30:05'),
(295, 7, 'Jose Hoppe', 'Amet enim hic sit hic.', 0, '2019-05-26 02:30:05', '2019-05-26 02:30:05'),
(296, 20, 'Lon Dooley I', 'Quos at qui unde ut eveniet facere sit.', 5, '2019-05-26 02:30:05', '2019-05-26 02:30:05'),
(297, 36, 'Ms. Helene Kulas DVM', 'Harum fuga atque suscipit sint distinctio.', 5, '2019-05-26 02:30:05', '2019-05-26 02:30:05'),
(298, 6, 'Samson Raynor', 'Quis fugiat id dolore nulla.', 4, '2019-05-26 02:30:05', '2019-05-26 02:30:05'),
(299, 5, 'Lorine Schinner', 'Optio et ipsa illo dolor autem quaerat.', 0, '2019-05-26 02:30:05', '2019-05-26 02:30:05'),
(300, 33, 'Jazlyn Beer DVM', 'Eum velit tempora suscipit velit quo officiis.', 0, '2019-05-26 02:30:05', '2019-05-26 02:30:05');

-- --------------------------------------------------------

--
-- Table structure for table `users`
--

DROP TABLE IF EXISTS `users`;
CREATE TABLE IF NOT EXISTS `users` (
  `id` bigint(20) UNSIGNED NOT NULL AUTO_INCREMENT,
  `name` varchar(191) COLLATE utf8mb4_unicode_ci NOT NULL,
  `email` varchar(191) COLLATE utf8mb4_unicode_ci NOT NULL,
  `email_verified_at` timestamp NULL DEFAULT NULL,
  `password` varchar(191) COLLATE utf8mb4_unicode_ci NOT NULL,
  `remember_token` varchar(100) COLLATE utf8mb4_unicode_ci DEFAULT NULL,
  `created_at` timestamp NULL DEFAULT NULL,
  `updated_at` timestamp NULL DEFAULT NULL,
  PRIMARY KEY (`id`),
  UNIQUE KEY `users_email_unique` (`email`)
) ENGINE=MyISAM DEFAULT CHARSET=utf8mb4 COLLATE=utf8mb4_unicode_ci;
COMMIT;

/*!40101 SET CHARACTER_SET_CLIENT=@OLD_CHARACTER_SET_CLIENT */;
/*!40101 SET CHARACTER_SET_RESULTS=@OLD_CHARACTER_SET_RESULTS */;
/*!40101 SET COLLATION_CONNECTION=@OLD_COLLATION_CONNECTION */;
